i,j,shared_len
1,97,7.0710678118654755
2,1238,51.623638023310214
2,377,0
3,1382,0
3,320,46.87216658103186
4,793,39.802801433650785
4,732,49.26202451429557
4,608,52.26033038590803
4,572,0
4,1245,0
5,1034,56.64881729129602
5,1191,0
6,837,44.94441010848846
7,1176,70.94403386631554
7,1306,15.09194563047315
7,914,0
8,994,28.071337695236398
8,1202,0
8,1127,0
9,1237,0
9,1408,45.880278987817846
10,3,91.48223871331527
10,120,0
10,1300,0
11,1615,60.57457394570442
11,1443,7.457746532899579
11,1403,114.10170175221438
11,1111,16.414168631025888
11,1218,0
11,801,150.59232253827224
11,1506,2.04743169886187
12,1473,21.531543726480535
12,701,26.67243718971465
13,111,92.47702417357513
13,250,0
14,597,18.9643967274068
14,929,23.11663021600115
14,832,4.776366561010764
14,1092,45.18757089482345
15,1346,51.10772935672256
15,673,29.391676225648673
15,1447,0
15,760,4.813588202724284
15,64,0
16,1490,53.0681496566865
16,159,2.359798185663299
16,1489,0
17,283,2
17,168,3.6780242999583
18,910,25.96150997149434
18,206,0
18,1375,0
19,190,32.854900795146925
19,1281,0
20,392,38.76657677337409
20,1418,32.14638392747459
20,1265,12.789365933772487
21,1323,3.4270554838288816
21,1458,76.53757247260981
21,295,0
22,240,82.00609733428362
23,251,0
23,1084,45.88027898781785
24,233,0
24,90,72.24956747275377
25,329,0
25,841,194.00080173429694
26,1600,12.036961674875377
26,1598,4.71805860935983
26,1594,0
26,953,0
26,804,0
27,136,76.92203845452875
27,313,0
27,126,0
27,209,3.6629542120990846
28,1483,72.45538682578002
28,852,17.261614716221303
28,1481,0.14381681840651445
28,1486,25.017145007334445
29,1122,32.93164370542762
29,47,0
29,33,6.058008532252906
29,1211,31.4072262047354
29,212,0
30,1362,98.64919646817113
30,1609,0.0010590350118568073
31,1379,0
31,1588,29.614175968774973
31,1648,4.741718188807766
31,1647,4.447633979468176
31,1627,7.584878601846877
31,1628,0
32,1107,33.06055050963308
33,767,6.463091919828577
33,540,9.429576663115135
33,813,7.323933369413517
33,812,10.100780413596107
33,818,7.192405793397807
34,324,34.438350715445125
35,180,211.92878898349582
35,214,0
36,332,0
36,1357,70.0892199443169
36,1396,0
36,684,29.491008345001696
38,450,0
38,987,31.83442929073963
38,1403,0.005064847800339411
39,1464,35.01380042510907
39,1016,0
39,561,13.006949151199228
39,811,13.235802642119221
40,937,0
40,39,108.24047302187847
40,120,0
41,970,62.53627437891589
41,1420,0
41,1304,0
41,1369,19.197390038620405
42,1609,43.99028295941228
42,1362,0
42,865,12.337264008064516
42,874,15.415336032781964
43,1009,0
43,587,11.680532622101122
43,632,5.922315365679232
43,391,18.360042472610182
43,428,0
44,1296,108.93114238248924
44,1165,4.470185800390993
44,1272,48.27645236182366
44,1427,9.957235861161951
44,1315,42.371089631970996
44,904,28.093099648645314
44,1138,23.67199568598576
44,1228,10.291472029371898
44,115,0.0020784530973033156
45,572,46.75605286061699
45,733,13.36182622252272
45,647,2.827377989540113
45,794,15.874573118813206
45,631,27.09454379270481
45,790,15.536824373363608
45,694,23.846069965471916
45,751,9.072127129680329
46,1331,78.31347265956222
46,1592,0
47,394,62.00871138938654
47,372,46.40722575918312
47,142,0
48,1038,0
48,67,9.742737319545238
48,265,0
48,574,16.35389325759848
48,1158,21.735099000135918
49,1542,0
49,1566,0
49,697,8.450429847852291
49,622,18.574051854569305
49,769,12.485215060814905
49,730,4.027304306130446
50,115,0
50,567,11.231899917445268
50,1446,24.90420926448295
50,740,53.29252965968267
50,1621,94.02746752388497
50,1227,67.88739058778756
50,924,0
51,303,6.5454331497290115
51,1074,0
51,71,6.885231932263747
52,1324,4.21637021357011
52,1282,18.973665961010276
53,1190,42.965367448672225
53,1229,0
53,750,6.009903396844248
53,519,4.136984677064895
53,789,6.203026015171329
53,571,10.306632577976913
53,551,4.257048895718503
53,550,5.6888604170542205
53,679,14.66218610541058
53,731,10.794768651419982
53,661,32.079192515152776
53,7,0
54,1383,54.90076963063708
55,82,0
55,1064,32.88903233043218
55,1440,16.190260044426797
55,87,7.904114369975559
55,261,14.22074107162235
55,658,0
56,685,0
56,159,0
56,200,0
56,1490,0.003718385778065941
57,1612,33.07318852911888
57,363,30.557298667587595
57,437,64.06557630264003
57,486,37.06863903737572
57,438,0
58,1233,3.651561947831529
58,1611,0
58,808,50.62604008293087
58,593,52.58419638179745
58,539,7.594703842120363
58,652,18.762251136890985
58,835,20.480023305019156
59,175,109.89540481748998
60,1464,0
60,1016,72.43835110990071
60,561,0
61,1499,58.54912467321779
61,1498,0
61,299,11.579789043768825
62,1126,143.52346848003003
62,165,0
63,910,0
63,206,57.28001396647874
63,1377,0
64,1279,29.507802057899873
64,274,0
64,1134,18.998251532559294
65,134,42.44997055358225
65,1582,0
65,1571,0
65,293,0
66,1247,0
66,1404,114.56694607562284
67,1274,10.18020029880893
67,881,5.783569853262913
67,1262,6.838375468602196
67,1605,14.247029651749745
67,873,14.714375662203397
67,882,6.842272304490433
68,565,4.538924740071382
68,678,18.101955542328078
68,1256,26.396209715759767
69,313,66.87055256229156
69,136,0
70,254,0
70,1202,72.44308110509934
70,994,0
71,1393,0
71,125,0.5309406269068304
71,12,3.3034010209144378
71,1042,11.94821699344461
71,726,64.81072466419359
71,1096,10.462643079956049
71,448,15.097528137086176
71,628,179.67226685845537
71,562,20.634508107939165
71,1597,78.7543400472984
71,147,3.3684394877974757
71,1423,0
71,219,7.114957382257041
72,246,16.7125069738208
72,232,13.6087133397637
72,1008,29.838057753468163
72,1195,37.80100856419294
72,1181,24.670733592737808
72,817,4.683600184208511
72,1475,24.405540405421704
72,770,25.70585376767209
72,764,24.563604115121613
72,590,5.0930407119716845
72,714,24.759768834487303
72,1295,28.30107096210327
72,594,0
72,670,2.2412735070370466
73,1437,0
73,1614,72.01653216764132
73,489,36.15327443545264
73,35,0
73,785,69.91313265967521
73,795,2.90593557410574
73,1470,31.37384782500916
73,154,0
73,923,0
74,115,10.152529851551146
74,1446,0.003143880935904957
75,1345,0
75,262,91.06319279589059
76,1578,0
76,651,0
76,1544,8.278131108905075
77,1635,30.127694678697818
77,1294,0
77,1049,0
77,1148,1.8579079776745289
77,1222,14.40880429365876
77,1097,14.527896094863568
78,989,45.880278987817846
78,1329,0
79,130,163.95533396961247
80,720,28.373020870060017
80,1343,5.243798370856886
81,1534,0
81,1538,13.895574573119964
81,1596,0
82,1426,0.001021178882265367
82,238,5.320769866026907
82,1019,12.203659104939632
82,1090,11.637498206843006
82,418,24.11726231823466
82,478,18.959200841654102
82,1291,0
82,479,21.231182911793088
82,1386,0
83,5,81.95743616499875
83,1061,0
84,49,44.92215489043241
84,1154,0
85,846,0
85,745,22.4745336826729
85,1501,2.5580770045160888
85,504,17.072880007945212
85,863,172.87598554450653
85,1360,57.90104136218478
85,1102,33.49251013744397
85,940,5.3705971076173125
85,1482,71.57048799783838
86,967,60.4400529450463
86,1382,0
87,409,24.75579620574109
87,493,6.158992428890603
87,1290,0.003699064682102424
87,408,14.826355182887738
87,453,12.56275761895369
87,410,54.68312334597369
88,630,123.42652284727399
88,1258,137.70687131559495
88,1112,0
89,718,38.905713763704384
89,1275,11.341284359923998
89,1050,0
90,354,15.61864291742116
90,916,26.657823756887794
90,177,19.82654761415394
90,1409,13.327265285914015
90,1209,0
91,1333,0
91,492,19.278571202663763
91,390,26.085785487890764
91,266,0.007248064998905124
92,1204,17.420982324325472
92,862,14.42021591356993
93,1522,0
93,1527,14.560219778561036
93,1567,0
94,46,0
94,151,3.251277008906105
94,1312,52.23889659819316
94,1128,69.28634469625139
94,1330,0.004003052682860742
95,1528,11.045361017187261
95,1637,0
96,245,0
96,1027,35.36416265089734
96,1344,14.214921737397901
97,351,22.460762348349785
97,466,31.403369307844926
98,123,1.7134633904646583
98,1511,12.025321329632035
98,8,6.762216004127965
98,9,0
98,1500,10.716176777684513
98,1075,52.8748314183243
98,1429,0
99,1031,101.08326402051077
99,306,5.216101941344926
99,1032,0
100,848,0
100,1650,47.56098118212978
100,1028,0
101,431,17.646412474526166
101,429,11.237332200690998
101,1466,0
101,430,12.295039650183586
102,1049,108.17974361672282
102,1055,0.2085111929183626
102,1419,5.0390204956783125
102,1635,0
103,308,5.182020255661749
103,1132,0
103,1416,14.922645643675231
103,117,31.063382444234456
104,121,32.802438933713454
105,710,2.9176400556050752
105,879,17.896707946486945
105,1235,58.66549429302296
105,1193,34.52535300326414
106,1049,0.2297158946766012
106,1055,85.98124566536221
106,1419,0.0027676614318629727
106,55,92.47713249325562
106,95,0
106,277,10.8245092267831
107,905,33.89071256866001
107,566,29.22684501043489
107,1078,63.531571704412215
107,893,0
108,239,19.38324889074816
108,1163,0
109,328,65.764732611507
109,613,5.9064593316074685
109,722,1.052276099770875
109,796,5.634994486655745
110,1105,29.068883707497267
110,257,14.239801420352403
110,307,6.087328035139574
110,76,0
110,1187,6.0537701663545
110,81,5.910522553540159
110,71,6.135473555919961
111,700,28.171495535941578
111,696,12.653050388317169
111,1326,0
112,975,5.969715767381935
112,974,5.154414823530357
112,244,4.547205309716463
112,317,7.539010744586805
112,1333,15.77714168290759
112,492,0
113,722,44.35867987730978
113,341,0
114,1389,25.712596937716548
114,1289,26.197567878553308
114,1216,79.26051285492863
114,1319,0
114,1217,0
115,1046,63.90695893573353
115,1413,5.604193507677148
115,31,0
116,1122,0
116,47,9.899494936611665
116,293,0
117,611,15.143925270539604
117,592,14.945082679769165
117,553,13.919372568826212
117,996,13.660632051935838
118,1626,0
118,1320,20.00048106955192
118,1180,24.962552025694304
118,1267,0
118,1142,4.962070956142382
119,1063,0
119,1066,45.35416188179427
119,323,0
120,76,32.87949217153375
120,1105,0
121,1543,11.598245651814679
121,182,0
122,1270,0
122,1136,32.285881976293716
122,1616,20.23113425302299
122,554,2.6867985118670257
122,1020,45.50783434990606
122,522,0
123,1644,96.53814879371566
123,1624,54.378401717843154
123,1626,34.139386401854225
123,1510,43.1638587753915
123,1320,0
124,1030,50
125,1130,12.269776137489153
125,1172,0
125,225,6.819497634797763
125,116,6.8201177637580415
125,446,17.54844047234704
125,386,40.11548672683802
125,936,115.23327379648575
125,234,0.005210130219546922
126,1101,0
126,1634,147.86868409998743
126,1230,0
127,930,7.580324732126073
127,424,13.011788064651086
127,634,0
127,1591,50.83977205793481
128,1309,16.1951431180348
128,352,23.016046366097143
128,1348,0
128,1093,15.240624331282351
129,124,0.0010446452130129784
129,1098,22.54738346324518
129,544,19.696259720175174
129,649,13.330683778508174
129,536,28.37458503952954
129,1445,25.608172724999896
129,182,0
130,773,12.422360400666381
130,747,39.59647262194585
130,520,10.243107130361015
130,746,26.63082991046184
130,1474,8.930280045750305
130,1471,29.18090814918553
130,1365,0
131,939,0
131,1431,60.43960606284956
131,1311,34.89664318291564
131,249,5.811120567295425
131,56,12.143702013056465
131,1327,0
132,291,53.41348144429457
132,641,0
133,1059,39.58431932308513
133,1318,44.35018027900003
133,1039,0
133,203,0
134,234,8.802733025792504
134,901,0
135,1381,33.99318823797898
135,1226,3.369913196652517
135,1076,0
136,699,50.16019799966247
136,417,40.27504909256697
136,833,2.30379468863096
136,150,6.951271149126248
136,1189,0
136,305,6.468871687270925
136,1279,0
136,274,10.83024240937813
137,247,0
137,1407,0
137,1459,47.80167361086848
138,992,14.035668847618199
138,58,0
139,166,0
139,82,51.38100144323987
139,1064,0
140,1376,46.70953430756171
140,149,0
141,1359,37.379263695855386
142,1375,83.93449827097318
142,910,0
142,38,0
143,7,25.709920264364882
143,661,0
143,955,0
144,1486,57.290226400848226
144,1196,61.19010289846703
144,1483,4.993660419183949
144,1397,0
145,583,5.060019998269623
145,607,5.344136959811525
146,2,83.85587726175373
146,30,4.440477321347361
146,4,0
147,1565,190.9412681742055
147,1562,171.38574943081267
147,1561,103.70933031819813
147,1519,210.4245725669681
147,1560,106.253870950746
147,1547,0
147,1533,1.506053867450508
148,439,27.9140830770272
148,1070,0
148,366,31.620685172374394
148,440,9.787114754870506
148,462,89.50704398870023
148,1388,11.538098052090174
148,1116,0
149,1557,29.73213752828884
149,1529,35.8089132759861
150,138,139.17614738165446
151,1233,14.89602631566942
151,1611,6.9836076314668425
151,808,7.912418684202578
151,539,0
152,122,0
152,1219,45.221676218380054
152,1454,0
153,803,45.86503361505464
153,686,39.361927236196266
154,278,12.806248474865697
154,279,8.288498054554703
155,1016,0.9672933169807097
155,1054,1.8597507934370345
155,157,28.623033951293152
156,1444,21.816252926923994
156,607,0.0020018584476975596
156,405,55.47351346406444
157,299,10.647159245541284
157,1108,28.930556223453987
157,254,0
158,1316,105.3458065592369
158,883,91.0362561045862
158,1317,39.74761353220843
158,1453,19.873260930219224
158,40,18.281679427145058
159,483,0
159,895,57.318180379854596
160,1470,0
160,154,5.735573959699438
160,923,8.785308748971065
160,1332,8.743652034614422
160,1252,180.5132449994428
160,1477,0
161,978,35.08241137359231
161,928,17.544902079970548
161,348,25.87158242772892
161,1304,0
162,17,153.77895322179356
162,781,0
162,1425,0
163,469,79.05999574497866
163,618,10.893612514764868
164,1222,16.801353609663202
164,1294,14.977103969299659
164,1049,0.0013495892420762163
164,1635,14.039322404399892
164,1148,0
165,1347,0
165,1175,15.524174696260024
165,1147,0
166,741,5.789127740889044
166,1080,39.13306724858949
167,1455,63.661605383431564
167,416,29.230805667969108
168,949,0.3036445290569496
168,220,0
168,146,0
168,221,0.3036445290569496
169,942,31.622776601683796
169,77,0
170,1108,0
170,254,44.181444068749045
170,1202,0
171,1540,4.060849289610681
171,1539,7.010088850434283
171,1527,0
171,1567,21.730472851126812
171,1523,24.458450706073634
171,1541,5.48234779562424
172,36,22.83128851681379
173,1496,105.60639202539043
174,1018,12.139901068178045
174,1131,12.082441736366736
175,1432,71.0486509372423
175,84,0
175,1396,28.490538780432956
175,684,0
176,1082,0
176,1081,43.60481860435878
176,1254,0
177,98,0
177,258,40.52159917870962
177,1052,0
178,147,7.295613868712094
178,628,0
178,1423,80.22629028607187
178,219,2.9201698295653142
178,1023,85.6317293042963
178,1307,117.24715242519669
178,370,22.712526665339844
178,660,65.38155614295614
178,690,15.097622921126703
179,985,14.991845926055996
179,168,2.1275802428411734
179,1451,0
179,181,7.9750915544766094
179,278,0
179,1361,6.074276964958685
180,399,34.015688205477424
180,1247,12.072307670023765
180,1404,0
181,267,7.418983913861922
182,998,0
182,580,102.31032038690643
182,577,24.068095398486527
182,33,0
182,1336,15.005214734072034
182,1166,0
182,135,2.337407201184722
183,677,5.512489039412349
183,685,1.2199403105829865
183,200,1.130128754169338
183,231,1.490787027282276
183,187,5.347216601630718
183,636,19.532480883042865
183,1401,21.439304405520442
183,266,0
183,201,2.3642608313035756
184,1038,21.444777364927493
184,67,31.211833298270278
184,984,0
184,265,0.25533748249820076
184,574,9.76884151018048
185,506,13.405205236802718
185,582,52.98860835639147
185,1472,37.42094775484833
186,1521,0
186,255,36.001396901998746
186,86,0.006915364693768758
187,1261,123.24196253931231
187,1244,0.004069865001059111
187,1009,13.725545481250967
187,587,0
188,275,10.111226434028275
188,432,0
188,282,10.44030650891055
188,1073,2.503345460749011
188,281,1.8822146321185471
189,1301,0
189,1007,0
189,1321,21.37755832643195
190,264,40.45524958725364
191,137,0
191,821,63.29588064588225
191,957,15.697841765117515
192,523,73.52810128633297
192,765,12.458198421840361
193,91,0
193,1186,42.79126760923415
193,777,20.78075410365835
193,559,0.006003277708379693
194,1479,131.27134130594416
194,1239,0
195,1199,17.072617183625926
196,2,0
196,4,48.38388161361178
196,123,0
196,1322,14.165135011249022
196,8,15.844684717848988
196,1500,1.8901450333669616
197,85,91.06514928987318
197,1156,0
198,1201,21.095023109728988
198,563,0
198,50,0
199,1183,0
199,917,59.481089431852205
200,1493,102.53907363644731
200,615,5.761685955414743
200,1162,9.788398165077913
201,393,0
201,1302,100.27078400486967
201,1024,0.00442130527937781
202,1263,99.85682289978412
202,1631,5.297047862613923
202,1001,0
202,188,0
202,143,8.027118686898987
203,499,56.468424386226125
203,263,83.52241867565837
203,217,20.27295637242644
204,1465,38.99215168957491
205,43,196.47662393194543
205,16,0
206,1543,0.004097323686490227
206,1559,18.673558483298237
206,1558,7.838797835100935
206,1580,13.390493479321185
206,1570,8.596006258356844
206,1564,16.391447178469868
206,1563,12.199233229917969
206,1578,11.877916520162131
206,1544,0
207,1319,36.319219849078216
207,1067,0
207,1087,0
207,1216,0
208,971,9.546627281616056
208,961,45.880278987817846
208,119,0
209,1172,39.885928719952496
209,1130,0
210,198,37.65466572885981
211,134,0
211,293,28.284271247461902
211,47,0
212,986,46.99910637451828
212,1268,0
213,1281,30.364452901377952
213,190,0
214,1208,16.790781558698306
214,331,77.35579467785942
215,180,0
215,214,205.7668583615933
216,545,8.514074249988798
216,1348,11.244530934891877
216,1093,0
216,1441,16.462935732669578
216,1,0
217,1607,28.795603149767906
217,1188,20.143900584447863
217,902,18.046992960220006
217,1091,27.66541206730208
217,823,0
217,344,7.6670000000158325
217,451,9.126340175378282
218,269,47.22723658848677
218,321,0
219,234,0
219,901,8.751120931132771
219,605,4.771582862871929
219,880,0.23978432297748822
219,884,4.3020547791640364
219,1217,40.17580215847326
219,1216,0
220,92,NA
221,1469,0
221,166,5.500365832572321
221,82,0.0021026204421813978
222,1452,0
222,735,2.8623854028942817
222,1269,7.419606808440801
222,1270,16.544127843542967
222,403,35.82372724762172
222,1136,0
223,1240,133.92908571329832
224,1088,70.36859952202748
225,336,54.477712373928185
225,112,0
226,775,16
226,1365,4
226,1167,17
226,547,14
227,1298,0
227,993,60.07495318350236
228,1334,0
228,1308,24.992083756298126
228,1426,24.13672266054298
228,238,0
228,1019,0
229,1545,9.008014854404937
229,807,58.034997288445474
229,434,9.806240822634924
229,1503,0.0014001428919134648
230,1424,0
230,932,17.096944426006274
230,454,31.527916007854625
230,455,36.47445498978416
230,589,33.31460280981
230,827,26.95882159780364
230,472,0.003208832522745417
230,691,2.932875389067241
231,472,18.016566183230662
231,640,10.411891255408516
231,724,11.34509602928906
231,666,15.788731378619035
231,591,21.889164674060954
231,816,17.240380185845332
231,892,8.10927874770419
231,888,11.941098405726793
231,756,9.52993858806731
231,771,22.253904371438345
231,601,23.420056538206634
231,682,14.008474280105085
231,824,27.232121242722066
231,1100,9.277014799966778
231,1104,0.002209077329486429
232,280,2.108185106766648
232,168,5.968966489293831
232,1234,0
232,169,6.341248127322498
233,189,85.86617494683223
233,292,6.7789085484396185
234,1263,0
234,1618,2.348140981734431
234,1001,19.47603655960531
234,1585,26.218975450823386
234,885,0
234,890,0
235,1326,0
235,94,26.570660511172846
235,287,0
236,109,33.02462988687264
236,1328,22.496341884776733
237,345,28.57545176579611
237,815,24.702448441641465
237,57,6.010285720920682
237,148,0
237,67,20.995347937415882
237,984,10.027039126846852
237,265,28.819872605264393
237,734,15.55723552586114
237,1038,36.38836829806748
237,574,0
238,945,133.4576614227474
238,1114,32.790180394456236
238,956,30.613931513465218
238,1041,52.02843631769592
239,1056,8.401996604891867
239,155,9.226130190280493
239,205,113.22714830236734
239,1062,30.695733375361367
239,1234,7.634273787668901
240,755,5.160501305594307
240,528,25.890132072125972
240,393,88.98067878485423
240,1302,0
241,1640,0
241,1576,2.0305289556625716
241,1520,21.97667261647837
241,1531,20.420975986880325
241,1532,8.789860766263647
241,1172,0.0051639991369090395
242,518,7.663758710359449
242,674,26.785049578996258
242,1271,19.178198274567055
242,461,10.351932199459227
243,828,12.931573633561793
243,909,40.73026403586259
243,1071,8.3231155997226125
243,935,2.6394682482551777
243,650,16.955771561512563
243,1448,5.152408281247055
243,464,0
243,527,29.11005685990693
244,1250,62.042533139623835
244,1079,66.69599667897658
245,675,69.05792857729737
245,610,61.59045720112153
246,1258,0
246,1112,34.45061429856723
246,549,46.974133134159175
246,1345,68.65809015181405
246,262,4.505045039212999
247,604,96.65104946038147
247,1264,169.39784880399574
247,1169,12.387597359284467
247,510,13.172279308250701
247,14,0
247,41,1.1930450455208708
247,1060,0
247,197,2.093061483383266
247,820,0
248,1124,0
248,1200,150.70841524679912
249,1330,68.50027149258675
249,1128,0.005054199515407178
250,1457,0
250,1149,44.64302857109943
250,1121,0
251,1436,6.157750376892309
252,1385,4.312848742745881
252,1035,8.29432852111675
252,1175,0
252,1147,41.99721082133694
253,1638,4.2730909068024054
253,62,0
253,1434,6.797054414956783
253,347,2.2699054093564657
253,1287,9.487672147281987
253,412,0
254,1318,0
254,412,29.083902263420505
254,473,18.54134979343088
254,346,10.968182679366116
254,411,12.290090673526665
254,1287,0
254,1039,49.71341566276502
255,1255,55.08175741568164
255,1150,0
255,1013,40.80441152620633
255,1351,0
256,1350,64.57153412612497
256,875,62.932639022356014
257,5,0
257,1061,41.26587208648131
257,1069,7.279228907772449
258,704,25.76329649157113
259,1478,43.747900266504146
259,1489,0.016086139808549647
259,1494,0
260,328,10.851350399111228
260,613,5.377148020310518
260,722,0.002550626153492997
260,796,68.01333559206327
261,1244,41.501164607321094
262,1104,7.767203581106201
262,1100,0
262,1514,2.8526079083381806
262,899,27.12140233742128
262,886,12.406006773804709
262,1355,32.43730298276596
262,471,31.735173170908915
262,995,32.083484141398856
262,1157,26.122180595544467
262,21,0
262,1599,2.425649148929053
263,1522,39.05124837953327
263,1526,0
263,1527,0
264,1450,43.47903428933359
264,759,21.31565218086689
264,749,28.715021166085414
264,1422,36.63187313135866
265,1198,0
265,1387,13.864948032243978
265,358,9.40074411293788
265,395,71.10826994557812
266,327,77.45061202657078
267,41,1.902654116307458
267,1264,0
267,510,0
267,1060,12.702506346217838
267,14,3.068796961803505
267,1277,11.388394733876432
267,820,166.07784852376034
267,498,165.42339197712386
267,1393,13.472463199845098
267,960,12.55304745492424
267,125,7.757790169464993
267,1042,0
268,149,0
268,1248,49.53385296108235
268,487,13.821662039534719
268,931,9.712924838640811
268,441,48.53609916472032
269,206,0
269,1377,56.405067148357745
270,953,5.228128314811701
271,1243,18.477342977324184
271,1044,10.728820755696281
271,58,100.18974256270097
271,1358,0
271,1298,0
271,992,0
272,626,0
272,944,54.12035534552251
272,481,16.15549442140351
273,866,112.30462927412364
273,1608,74.8116639915982
274,360,55.22599252461412
274,359,49.472495968145395
275,1119,0
275,876,19.993750039741386
275,382,17.20426345501456
276,7,0
276,681,22.084632744514487
276,955,14.281016172257752
276,534,29.945612905325426
276,1424,33.52610922848042
276,932,0
277,1327,0
277,15,106.73799698326741
278,777,0
278,559,19.065918027992836
278,503,20.134047675604553
278,617,15.497304718274572
278,537,16.995258162185333
278,1139,45.36354162340771
279,1298,12.01354256097609
279,1358,17.861030170423724
279,58,3.0032799447640315
279,993,0
279,1044,0
280,1351,43.41658669218482
280,1013,0
281,32,0
281,490,57.74049282957448
281,449,97.88208550828979
281,763,7.702891928505927
281,743,4.743357650960235
281,1225,52.667705267431124
281,1338,21.697028246827937
281,729,3.1739236184573194
281,160,15.510035335528364
282,1509,35.80033863869512
282,1508,40.72948755456629
282,1371,10.57716758489165
282,1492,0.003042198994883245
283,420,37.01003550009115
283,422,23.72191640148843
283,480,18.465864438446093
283,406,0.0010390936983646537
283,421,9.18441165973896
283,353,0.005482417658722081
284,1191,50.034754051709776
284,1068,54.12681662692022
284,1034,0
285,96,4.978244315479447
285,241,47.49157017064837
285,334,0.003282453898255015
286,1283,164.64742399138566
286,106,0
287,295,0
287,1353,27.294688127912362
288,119,0
288,937,113.3225485064645
288,39,0
289,626,124.40663347810093
289,944,0
289,634,24.041630560342615
289,1591,0
290,512,18.55054744550195
290,689,8.239838282438846
290,982,27.944566832680035
290,555,19.091384994973268
290,752,12.968263843011716
290,695,7.144992405426778
290,1099,8.625554547980512
290,1276,0
291,248,52.20153254455275
291,1003,0
292,1615,60.55035469135212
292,1443,2.011274327248737
292,1403,193.31211319289855
292,987,0
292,801,51.46541223861123
292,1506,2.0462887256667015
293,1460,0
293,869,75.07329751649384
293,839,4.313351365262635
294,1414,16.6883334751321
295,1299,26.09326603854334
295,465,78.4683625691663
296,1085,66.4196416732465
297,619,18.825273836156
297,1007,17.122065896563193
297,1321,0
297,1229,22.2507462866037
297,1190,0.005148046422256596
298,311,55.73565915687823
299,86,83.9111562688386
300,133,29.991759584624855
301,44,49.959405412193945
301,192,0
302,33,2.1727268132907644
302,1166,32.86294754453179
302,135,1.171470217296897
302,620,11.768851934826433
302,542,79.33195146638664
303,926,108.30050784737807
303,62,0
303,1231,0
304,843,0.002263706405310748
304,1421,81.3703617000543
304,1606,138.07915906939155
304,637,34.064188229077864
304,825,67.36912948217457
304,340,63.105053467075315
304,1438,39.39063579651261
304,1182,19.923065013322663
304,927,43.03450230196927
305,160,11.90502830363047
306,1031,5.16694608820905
306,1077,0
306,306,35.210753312883206
306,1324,0
307,77,0
307,321,60.207972893961475
307,269,0
308,1047,97.13174251433296
308,318,0
308,1214,63.84561681647098
309,66,71.40714052384385
309,546,0.0051560780872452
310,310,72.42237223399962
310,1236,0
310,1325,0
310,1120,6.583852021252527
311,1460,58.638984916807544
311,33,0
311,869,0
312,776,4.928582061537444
312,600,29.755592705936607
312,1364,57.75727869416286
312,1164,NA
312,739,NA
312,1006,NA
312,669,21.648819676418285
312,1058,26.09438727309339
312,1464,0
313,329,98.68068877874457
313,194,40.060078751132096
313,841,0
314,893,31.543094143833578
315,1454,0
315,780,45.599072777241254
315,959,5.648792842762697
315,1103,17.64762921249309
315,171,0
316,1623,28.309168933915707
316,1398,0
316,1602,23.454520397852974
316,1625,2.8137608262838993
317,343,58.740598239671314
317,474,33.291214334022555
317,414,79.65259351563088
318,1257,145.85418552592915
318,1442,0
319,1306,0
319,914,74.166744569248
320,413,23.421128141977356
320,349,7.869439833595401
321,49,0
321,1154,45.60701700396552
321,980,0
322,1632,0
322,977,23.878543811238334
322,397,35.174129555806445
323,391,0
323,389,36.4168148170251
323,428,28.82182344103873
323,887,0
324,1113,6.8069616527712995
324,167,0
324,1430,73.02465143166602
325,989,0
325,1329,44.570493890244606
326,1462,28.560156176196074
327,260,72.61542535852834
327,290,38.651778743050045
328,161,0
328,578,30.606154535578142
328,983,20.589548564107506
328,1115,0
329,192,33.421549934136806
329,44,0
330,265,35.27550897351194
330,1038,18.806503289301894
330,67,3.46317653785751
330,984,9.992813137436492
330,574,0
330,734,3.1351710558959383
331,898,0
331,1284,44.643028652004894
331,1246,0
332,1650,0
332,1028,52.201532615332745
332,378,31.602450972381867
332,379,19.56213886269851
332,380,11.47308951588017
332,381,48.991069136186404
332,459,32.038923430607575
332,6,0
332,497,28.922266196686188
333,6,22.20360335226569
333,497,0
333,1168,0
334,333,0
334,113,88.32326986700616
335,289,56.23135528908102
336,319,162.3952375941042
336,110,0
337,1,18.82989217189209
337,188,3.9734703828502416
338,169,7.147090317008743
338,281,0
338,170,2.23606797749979
339,1151,52.86226504497742
339,296,0
339,711,36.99213352684601
340,1106,100.45246266973224
341,1215,20.734961523469586
341,235,12.50823669020583
341,226,9.269765331155025
341,1288,32.79082965005026
341,223,8.773446893737248
341,237,62.097339866302335
341,236,8.818476558948202
341,68,9.766780425079322
341,162,13.87258452198749
341,371,10.381753863853275
341,578,0
341,1115,62.48367665789138
341,576,23.15625468158946
341,202,15.160672712296206
341,69,10.010162308129269
341,75,47.55730030361828
341,224,10.41517353830161
341,1207,8.103302629179648
341,952,9.952807653532542
341,227,7.728448916650447
342,913,40.328200966934205
342,918,0
343,210,53.088883228358746
343,943,46.238512086787566
344,1184,0
344,1177,37.75043680336644
344,1394,9.016665125255336
345,302,80.82265714466504
346,908,0
346,1218,77.4919350642375
346,801,0
347,1173,82.6349291015302
347,1073,12.008327992003851
347,281,5.147534237823876
347,76,0.009859074019429233
348,570,0
348,972,15.101528346786166
349,1538,0.001038391748119246
349,1596,69.89112895954364
349,1537,70.64927894142005
349,1584,0.0031149119031405334
350,42,0
350,991,221.36995617101934
350,1067,109.10384569160094
350,859,120.91444206726406
350,778,19.879098281116526
350,907,113.21562687167136
350,1194,7.02123766763355
350,575,8.882328702357452
351,1504,0.0010401695948075202
351,1480,1.209717266852489
351,1487,22.58624310599816
351,1501,140.67186793267166
351,1488,12.076369276084504
351,541,15.300895094873997
351,633,4.388475622358061
351,1505,3.1683566593174186
351,846,136.24182338997636
351,745,1.2419246605964007
351,504,0
351,863,0
352,1155,0
352,402,39.25647462517356
352,722,0
352,341,17.547387269944295
353,389,0.002529217308134495
353,1399,0
353,172,23.460255902325663
353,1611,7.190044966195917
354,398,37.80474426305719
354,383,26.639031652434866
355,1243,61.67306129787543
355,1044,13.381250967065391
355,58,29.451905526618127
355,1358,0
356,1627,0
356,1628,7.523110169371009
356,1645,6.102378932368483
356,1646,6.049296666396482
356,1587,81.68007659816689
356,1012,0
357,330,88.09086218218096
358,294,14.810682768527391
359,949,18.89740507104656
359,1069,18.3775351145585
359,220,0
359,146,14.773453440701143
359,221,9.534711531433778
359,1061,0
360,1089,NA
361,1453,0
361,40,27.730849247724095
361,1317,16.08389256371423
362,1163,32.82347997077043
362,908,37.41305817855027
362,1218,0
362,239,0
363,1132,12.957246806312899
363,1416,17.684098294557252
363,308,2.973291778638458
363,1278,11.958774070996617
363,851,19.413365828591303
363,870,25.96899055433904
363,852,0.0010388072540611342
364,958,0
364,1086,26.076809620810597
365,102,10.418032443815031
365,89,0
366,761,0.003009416774837718
366,531,9.110445257948125
366,1546,21.13118559349254
366,581,70.02128140859308
366,1513,22.051035501795496
366,1101,20.846695244052036
366,1634,0
367,1405,14.644535518987434
367,941,60.45960192543953
368,962,0
368,122,20.615528128088304
368,1219,0
369,1152,15.35999775574141
369,1025,13.573071580346106
370,1411,13.74847398067255
371,721,0.003018059358233742
371,1620,43.80296365217848
371,1160,77.6343591776377
372,903,124.03706880543415
372,849,6.200971458886101
372,190,0
373,1403,0.0010001512062538436
373,374,10.078606536470197
373,1390,20.7021300469177
373,396,94.63602853931249
374,667,5.04103608956267
374,373,16.335081561635906
374,1290,12.748800288000298
374,453,0
374,1428,9.207379501289841
374,799,8.945675444695116
375,1486,33.83422173380188
375,1196,0
375,1483,33.83422173380188
376,1127,38.118237105091836
376,994,0
377,596,0
377,1613,26.03329478533215
377,857,124.28048352017223
378,850,30.14643281086036
378,1483,13.537376573775433
378,852,16.934617922430363
379,118,0
379,1452,23.08679276123039
379,1269,0
380,452,6.044512286619107
380,668,27.71645034022698
380,744,6.6504299045675985
380,872,22.877720920868015
381,94,0
381,287,77.91760461073679
381,322,0.00676808692698194
382,119,82.96987405076617
382,961,0
382,937,0
383,1402,83.67082432439415
383,1145,14.334395743209647
383,1406,0
385,294,11.319098566757825
385,289,0.0010471920147088329
386,1246,0
386,98,31.04834939252005
386,258,0
387,1302,0
387,1024,32.95848893351054
387,1198,38.07922520390783
387,1387,0
388,728,8.563897191422384
388,1110,16.693462793549898
388,642,7.026392900443834
388,748,7.370533198490032
388,798,40.31885782286023
388,1249,8.17966388162959
388,659,10.082919868820433
389,1231,50.56531934422517
389,926,0
390,896,40.95532250354878
390,1223,27.461620946331625
391,1251,32.720560185935454
391,1212,21.88599716647634
391,276,0
392,1017,6.2019717830182355
392,1000,14.403986160090803
392,819,0
393,1043,0
393,1125,26.69756331975298
393,563,15.028766392928382
393,645,5.781568716206038
393,1201,0
394,276,22.360679774997898
394,1074,0
394,1212,0
395,564,160.91463922873976
395,1341,156.54347154962002
395,509,33.07631440048723
395,514,28.824483662753998
395,629,73.85800543211862
395,1118,8.117325406080997
395,911,7.421810715510809
396,23,103.13591553365839
397,84,72.32073406359649
397,1432,0
397,990,1.549832902212609
398,867,55.29137884218321
398,458,7.882975664641021
398,1456,0
399,1471,0
399,1365,13.710330677885839
399,627,32.60930391797446
399,774,0
400,193,84.62555532633274
400,137,0
401,108,0
401,1467,38.008325094157925
402,1047,0
402,318,161.75769220701386
402,1214,0
403,912,101.43229455868632
404,1391,0
404,179,6.216016655207945
404,922,7.506342574089681
404,204,46.192155786636796
404,52,5.627588035545845
404,1413,3.838917078093443
404,196,6.629099179771722
404,31,5.923214771101952
404,1046,0
405,897,49.40014942259708
405,78,37.94733192202055
405,891,14.514926556123708
405,44,0.0020000367092454503
405,663,0.8700159778101318
406,1297,32.87559139605053
406,568,18.26158176634877
406,806,73.67954125001798
406,34,17.97404090510999
406,404,107.71395027778551
406,423,10.743282797659269
406,638,2.564009854093432
406,706,5.922275914548006
406,1002,8.12108480702895
406,177,0.003625483799439937
407,140,2.220288846190816
407,1598,9.646355168344314
408,18,0
408,1378,72.67965804482533
408,361,30.44158859924776
408,152,7.675374242848988
408,153,7.163131151424532
408,998,41.583523021530866
408,580,0
409,1094,40.09262496555854
409,1095,0
410,124,8.196996439030176
410,1040,0
410,1098,0
411,425,14.329273166601155
411,356,10.156378768803883
411,954,11.959712919667732
411,1589,0
412,940,107.29762463482743
412,1416,1.9427757835748478
413,304,0
413,965,38.66013085495885
413,712,23.408536277549466
413,754,7.6442175628316935
413,791,9.992974831119671
414,245,30.35307821816863
414,1344,0
415,665,40.25154713073667
415,483,19.50502409308973
415,556,59.00109179812428
415,895,0
416,1254,0
416,1457,117.63918790887483
416,1149,0
417,1481,19.156325877925024
417,1483,19.488842417199464
417,1486,22.600750135158084
418,1486,0
418,1196,10.085940555797922
418,1484,4.097239195950997
418,1397,15.803783675600632
418,1491,21.792485035447555
418,854,0
419,1124,154.22661197994188
419,1200,0
420,1409,23.37762461755451
420,723,23.376405335703986
420,1209,0
421,247,112.98597007681609
421,1459,0
422,970,0
422,1593,59.62143066684343
422,460,26.487410108987987
422,1420,25.77217929314454
423,178,47.98188333991599
423,301,140.44727715538838
424,609,5.113972097330937
424,1109,22.285704201239888
424,458,0
424,1456,67.62773480894974
425,1587,0
425,1242,0
425,1012,67.446274915669
426,524,3.453936075021952
426,715,18.501094766232185
427,1507,34.37041133093868
427,421,0
427,353,20.16453688516608
428,1206,22.761115357212752
429,1519,0
429,1560,1.9028305018901912
429,1547,72.67937652615085
429,1533,152.0160279424403
429,1536,96.27197088549312
429,1548,31.747198450299287
429,1549,12.909048479205445
430,1242,35.4400902933387
430,1012,0
430,1077,0
431,1135,41.21974797465204
431,1368,13.139949270857654
431,1643,28.171312257617522
431,792,5.194783279350025
431,810,49.76309353841097
431,511,9.51871114514092
431,1619,5.162561623736269
431,1037,33.55132467194869
431,788,22.874020197569326
432,163,7.465348477732837
432,1372,71.00150832432061
432,161,114.0175428480921
432,983,0
433,1380,164.13399495184922
433,671,0
434,1433,6.142816312776471
434,54,6.128524219542779
435,1555,1.24702027732566
435,1554,0
435,1534,61.27377374922073
435,1556,35.42352521500034
435,1535,27.18814555992889
435,1538,0.005226278433554521
436,845,4.217778014503883
436,268,45.60240743750288
436,315,12.867285315056314
437,322,76.8392983561562
437,326,0
438,653,52.43698194542117
438,713,6.911080322373872
438,616,6.647988736654099
438,1072,0
438,584,34.0458916886803
438,61,0
438,309,18.63849594588519
438,786,22.762087646326705
439,761,231.17356058983086
439,531,0
439,357,31.118646964057035
439,447,26.642411040771982
439,286,40.599293353586745
439,966,36.577920339368056
440,1649,51.35758802060049
441,1285,30.197442539085472
441,1141,5
441,676,37.48332962798263
442,1407,47.80167361086848
442,1459,0
442,1237,0
443,325,42.050843118222616
443,1305,0.005278922053184834
444,980,25.50080350598518
444,1154,0
444,1082,84.93927648105871
444,1081,0
445,1382,63.06346010171025
445,320,0
445,967,0
446,1491,0
446,854,7.619462822135368
446,1624,7.619462822135368
446,853,0
447,651,2.9718101998898208
447,1544,0
447,1301,41.940014128828466
447,1321,0
448,1380,0
448,671,89.17527760549822
449,538,31.229258546340816
449,1266,12.67736110945311
449,1395,0
449,526,65.63547355063912
449,488,16.509795820591627
449,1293,31.185442942038733
449,1594,5.872957184304134
449,1604,0
450,855,111.05233798794822
450,1026,63.41158762448948
451,529,14.99716592343308
451,1367,10.529826652988433
451,717,10.39705627629544
451,1144,27.397406548163872
451,1129,0
452,762,24.671027840668955
452,1492,48.96934509990179
452,297,0
452,664,11.957568644878785
452,1509,0
453,889,8.438885542079976
453,997,36.604876843280486
453,837,0
454,32,9.024218722903434
454,490,0
454,1342,7.601813082866231
455,948,23.261675952913745
455,1400,106.00856161308292
455,883,33.469319757716924
455,921,0
456,21,1.3674674402688667
456,1601,44.85647595244519
456,1599,1.2713643112189679
456,1622,10.977723497766316
457,325,0
457,1305,13.960156251880072
458,770,2.1474162937278387
458,594,42.298389965265955
458,1295,0
458,670,40.73841238961505
459,1081,0
459,1254,44.64302857109943
459,1457,0
460,1582,9.299718519530629
460,1571,25.971013918998562
460,134,0
460,1574,14.143321915117644
460,1572,18.78388145639268
461,276,0
461,303,0
461,1074,30.4138126514911
462,1259,51.8019199083827
462,1072,20.47532432482619
462,616,0
463,1549,35.86325753015105
463,1548,9.879049699552578
463,1530,172.6050225958191
463,1551,44.965992257593086
463,1568,13.584992391354753
463,1550,5.438361779709417
463,1552,41.71644651855845
463,1553,42.35018082161501
463,1555,30.61949665612473
463,1554,30.73588898658437
463,1534,1.3187666731504708
463,1556,0
464,916,14.666489584335858
464,177,0
464,1409,72.36042018103345
464,723,23.427101742196953
464,1209,21.51085139034244
465,333,44.64302857109943
465,113,0
466,1284,0
466,1246,41.7612260356422
466,98,0
467,954,0
467,1589,50.15810895243821
467,91,0
468,823,38.26236593869534
468,344,0
468,1091,0
468,627,0
468,774,9.748050228714492
469,77,48.57533815180806
470,800,41.46083646108013
470,602,43.28737015998377
470,709,3.534731286646702
471,1590,30.912521011745092
472,1642,10.686413000121279
472,727,25.1900941917248
472,491,41.06307323113463
472,797,102.22001344989987
472,1192,31.66412990845064
472,184,8.708992459835644
472,183,8.222522809915422
472,199,6.115455829277876
472,1374,0
473,623,34.51009955790019
473,1370,16.306624459151706
473,906,35.676248916430765
474,73,0
474,297,110.22250223978767
474,664,0
475,43,0
475,16,193.49499189769296
476,1289,39.73747949547057
476,1216,57.84792376193169
476,1389,36.7896775779777
477,1461,36.235341863986875
479,1537,0
479,1579,6.168331546604312
479,1584,34.71511596634133
479,1640,34.38250816619363
479,1520,0
479,1576,0.0020930578046053873
480,1257,0
480,1442,60.63805328153816
481,1213,11.075139787591702
481,1406,40.81840408294119
482,1374,82.9967642360769
482,1004,34.08513941158784
482,766,40.60941537860414
482,707,7.690739337623101
482,450,45.67757224672677
482,987,0
483,1310,0
483,648,15.19059926853557
483,1161,14.974831392190563
483,521,11.22452124310303
483,692,10.963426152500746
483,1043,5.4587939803913494
483,1125,0
484,241,0
484,334,23.06672043009729
485,1458,0
485,295,16.1245154965971
485,1353,0
486,1066,0
486,323,46.17358552246078
486,259,0
487,99,101.7841218766571
488,272,39.615023890771475
489,1610,33.77268917333675
489,878,30.866934583630286
489,874,0
489,1366,23.01805181797618
489,924,0
490,38,113.3225485064645
490,1429,0
490,1375,0
491,62,7.615773105863909
491,926,0
492,368,61.83200185089002
492,1095,31.018706762128414
492,1094,0.001034261142773157
492,693,3.6790009071427923
492,588,63.58307385871259
492,369,12.49966762841079
492,925,8.451419035820084
492,1437,8.585584926014262
492,489,0
492,35,5.5572730947676465
493,486,0
493,438,34.079759668125014
493,365,71.70650572198556
493,364,70.62543782420028
493,1070,35.974612519664774
493,439,0
494,388,60.079651005732714
494,1417,20.655316444241745
494,612,9.071813230105908
494,809,10.793752766818026
494,188,0
495,1201,0
495,50,6.686239292405391
495,1367,0.001191426994347989
496,1219,0
496,1454,53.75872022286245
496,959,0
497,1220,53.190398289492116
498,1149,0
498,1121,39.293765408777
498,1011,0
499,1502,71.28648227495383
499,1439,16.128285611033117
500,65,2.597779787249724
500,253,0
500,822,120.25959162980031
501,608,0
501,1245,34.310904529029905
502,45,0
502,1463,24.635572789594846
503,523,0
503,1303,71.22633321671204
503,1282,0
503,737,18.76538938946263
504,753,47.25592832130043
504,635,49.834356458870744
504,948,0.002384590099261988
505,104,62.58594091327541
505,1063,0
506,1103,0
506,171,22.365347192347745
506,118,0.004035941164563223
507,986,0
507,1268,40.50041447964983
507,981,23.63349215840348
507,1639,37.499047312243825
508,109,21.68348341439627
508,1328,29.747719240267983
508,1123,17.187150617172808
509,85,0
509,1156,40.80441152620633
509,1262,0
510,898,45.607017003965524
510,1284,0
511,1354,23.974519068803456
511,1241,15.115363450992131
511,131,58.29589448518681
511,1435,0
511,102,12.010063770507937
512,1020,0
512,522,11.163606465418262
512,482,16.425807451657306
512,826,13.702755446458541
512,1310,14.278492938574601
512,1161,0
513,1011,0
513,1497,38.37169695929609
514,1491,0
514,854,3.668451307826506
514,1624,46.540263152222835
514,853,68.18412586824145
514,1626,49.42361914825686
514,1180,27.709658636479553
514,1320,3.598353512067824
515,696,0
515,1326,34.22860791793613
515,94,0
516,767,4.1963140955775575
516,1260,20.605118871719714
516,1630,5.615800358487355
516,1636,12.263929057894773
516,1633,4.499209673332461
517,53,0
517,838,0
517,1153,36.235341863986875
518,685,1.9420496056452947
518,200,0.36222525193861443
519,1116,98.43379400647989
519,1388,0
519,772,62.697422927144046
519,939,0
520,464,26.445766030578795
520,527,0
520,124,0
520,1040,20.394388036265475
521,63,51.36287306860524
522,1352,55.04738497733646
523,655,202.80701484552333
523,787,9.969866348858357
523,436,0
524,918,25
524,913,0
525,387,84.59051025337988
525,1419,20.710650161887358
525,1049,6.074230515047319
525,1055,0
525,55,0
526,275,0
526,191,52.93245738317577
526,432,13.62381645122403
526,603,21.54889982057793
526,18,26.248809496813376
526,1378,0
527,1148,91.42366478164003
527,1361,0
528,772,0
528,939,186.30351580150062
528,1431,0
529,1632,11.016345201172253
530,1021,8.62197965954581
530,401,22.546693861067105
530,1022,6.194415894124896
531,646,51.77219678487867
531,1337,3.863727093331873
531,1087,211.64202600287743
531,1067,12.73098077237332
531,1319,0.0013799025419720117
531,716,21.64728015222856
531,843,145.780126115352
531,1421,0
532,100,59.30446188945365
533,1610,0.002120638620348599
533,924,106.0490406438719
533,1227,0.005301928976612237
534,919,36.783537110504625
535,973,32.318828799030946
536,915,0
536,1379,115.52056094046635
536,1588,0
537,1386,0
538,42,19.153767398175944
539,947,28.466070226329112
539,10,0
539,1,0
540,1121,0
540,1011,125.96031120952345
540,1497,0
541,1059,0
541,203,7.615773105863909
541,163,7.1543902605157
542,436,40.46698012644608
542,655,0
542,1349,67.1344565123715
543,1466,73.26579448174024
543,430,0
544,59,5.043921414045864
544,1433,1.7717389654143254
544,54,0.01473992471603515
544,101,7.280712079522961
545,1412,85.40727662402162
546,39,0
546,120,110.16351483136329
546,3,0
547,273,104.8616417646743
548,288,61.034455201007276
549,89,60.74537019394975
549,355,0
550,1057,13.778338813579003
550,1129,0.0024859913694618707
550,468,16.73964275962465
550,1595,15.866892658880795
551,708,8.409817855813184
551,831,55.00053682344617
551,569,3.627973862413793
551,533,33.07346338598645
551,1449,20.13692084821149
551,1171,12.008238910377163
551,834,38.324163834079926
551,1170,61.07231947727638
551,343,0
551,543,57.13987119638673
552,1159,12.820388333080313
552,476,8.801799949598106
552,477,13.732993752434524
552,1323,36.99854418551751
552,1458,3.2800785885828883
553,3,0
553,1300,55.10737719763526
553,158,6.651399137241086
553,37,4.118988666836614
553,230,5.996546206845908
554,1092,0
554,1224,14.280508506530882
554,1119,58.851011895264975
554,876,0
554,662,30.05911369543951
555,355,21.315833834849528
555,89,0
555,1573,37.430296394356716
555,1521,104.88891751736323
556,969,0
556,934,18.322622656374257
556,530,9.588113865425523
556,656,61.57935522278776
556,757,3.573396143811609
557,838,40.62509095024886
557,1153,0
558,736,62.54667542660722
558,976,19.45146059920358
558,72,0
559,657,45.48959176674043
559,877,1.3629627745737447
559,513,6.138355668722676
559,782,0
560,323,0
560,259,56.04462507680822
561,222,9.12463184759715
561,337,7.7286852849690035
561,256,7.090591611162925
561,915,25.803639703874552
561,1379,0
562,128,131.48155824237793
563,1180,3.8317382892493406
563,1267,22.613537444502576
563,1320,0
563,858,113.52353844397558
563,1142,84.28567928628142
563,840,110.98509993901023
563,1398,12.081483788628512
563,1623,71.27786494775386
563,1602,3.8944161115612066
564,111,0
564,250,86.53900854527974
565,1485,63.50820175985666
565,598,39.52996853691924
565,362,19.587366524859455
565,599,21.320834618525716
565,505,6.875222654046056
565,779,31.787109860245106
565,643,5.695653565350477
565,1592,371.92077157030485
565,1331,0
566,1015,0
566,314,39.45883931389772
567,1397,3.8710991368416914
567,1491,35.516493037556685
567,854,35.06430377613539
567,1624,3.418909875420388
567,853,0
568,988,101.87393066370456
569,1063,47.12748667179272
569,104,0
569,1066,0
570,856,0
570,44,2.190679222161019
570,663,1.6204884152474144
570,525,25.515142276598414
570,621,8.7373496621717
570,467,31.993529286603852
570,742,5.248502697739427
570,485,14.158378376337565
570,641,22.57913909933378
570,291,0
571,322,0
571,326,57.38466694161429
572,384,208.7716417506716
572,829,39.51435430330785
572,1641,43.97755769006514
572,385,247.6686767643019
572,1014,0
572,65,0
572,253,5.1550120080950546
573,1236,160.53807800560577
573,310,0
574,1280,0
574,1029,22.43568662834302
574,962,20.51002576849694
574,122,0
575,1189,40.556984344094495
575,417,0
575,698,3.621953143453865
575,683,15.162560919713961
575,680,11.004839988921447
575,705,23.845664217849365
576,1407,0
576,1237,112.08925015361643
576,1408,0
577,1099,0
577,1276,24.356800015390256
577,1286,26.313425620442445
578,1494,37.36308338453881
578,1478,0
579,354,11.078149051814316
579,916,12.007977361089763
579,177,33.093693249491245
579,1002,0
579,1409,0
579,1209,0
580,319,0
580,110,149.4281941940311
581,856,60.56494034095097
581,485,0
582,306,0.0031023143523188517
582,1324,47.49655188758776
582,1282,4.136980326665735
583,1273,0
583,1184,62.36986509862605
583,1177,0
584,1543,0
584,182,14.013454322071032
584,1445,0
585,738,12.436218597511353
585,921,0
585,883,22.898664712499254
585,1453,35.09175319560748
585,40,0
586,132,33.7677986962864
587,1611,35.522788645324205
587,1233,44.887351414821616
588,1032,8.246211251235321
588,1031,0
588,20,0
589,636,0.0041710769152272205
589,266,21.943009754698977
590,1067,164.32322317413877
590,991,105.60470241877962
591,920,65.13762948525071
591,1569,4.923644470407661
592,251,45.60701727505485
592,1084,0
593,6,0
593,625,31.27108688835083
593,1168,13.019654301028115
593,1010,17.26267650163207
593,1314,0
594,1495,0
594,93,20
595,1589,0
595,91,17.88854381999832
595,1186,0
596,964,32.57299494980466
596,304,0
597,211,17.204650534085253
598,1183,56.32051136131489
598,917,0
599,149,19.15687658604745
599,1376,0.007182930727456765
599,1248,0.014365861694743926
600,73,125.5516319479471
600,297,0
600,842,18.547452077445342
600,80,19.63830189986573
600,702,100.44526459685738
600,573,30.95932815807162
600,968,8.624786985431813
600,72,16.854637344070753
600,990,6.067576599079195
600,976,0
601,1117,48.02495777946852
601,1174,0
602,229,36.23129725799781
602,885,7.439175160819006
602,848,7.128661663314369
602,186,3.3660379747639917
603,174,6.668078006887358
603,836,2.176275955330687
603,560,0.18906648799389653
603,1146,45.135991200161996
603,103,0
603,986,0.0160984416497066
604,1076,62.05923385311658
604,1226,0
605,1373,6.305209172070089
606,1242,0
606,1077,48.404540921399466
606,306,0
607,185,9.151456785376524
607,228,10.773863307272176
607,156,10.905281357514578
607,13,36.37697188853088
608,532,56.90606479609187
608,552,36.31328139675273
608,688,85.9633296058629
608,1140,66.32593187468095
609,129,99.53343097825797
610,220,15.32166222113123
610,971,10.24512758305586
610,221,13.514971427711389
610,949,13.417067697792591
610,146,0
610,961,0
611,894,75.56249088938347
612,1050,33.291736462060946
612,1275,0
613,938,77.39635588914666
613,1273,59.764683702344186
613,1184,0
614,1010,0
614,1314,17.987888558043917
614,1280,19.22770536185884
614,1029,0
615,112,36.68787265568828
615,336,0
616,1174,0
616,1347,91.48223871331527
616,1175,0
617,1053,88.60786719362365
618,310,7.304858412117643
618,1325,43.68099667268942
618,1120,39.74745031327443
619,1495,68.86465978029564
619,93,0
620,1178,54.54354759555743
621,215,87.38402296773315
621,48,0
622,887,5.465072138937989
622,1399,5.983292120872205
622,172,9.042758872972767
622,1611,66.91204897435932
622,1233,32.47372799556417
623,1210,0
623,442,16.39146379826314
623,443,32.40483693356451
623,445,16.079327213422538
623,444,29.982241150960704
623,70,11.58494570567493
623,167,11.090747698145318
623,966,10.345239021820756
623,1334,9.610922978496452
623,1308,0.004779983869810374
624,118,23.851819640934966
624,1452,0
625,1054,12.054530695912707
625,157,0
626,916,0
626,177,0
626,1409,25.614878488854323
626,723,0.001236239231641429
626,1209,25.613642249622686
627,164,47.813805537714615
628,1075,0
628,38,0
628,1429,82.21921916437786
629,1117,0
629,1174,48.76474136094644
629,1347,0
630,1230,27.964253199236023
630,1033,32.171385406124486
630,805,0
630,1634,0
631,1304,46.06517122512409
631,1369,0
631,928,0
632,332,63.53947279582948
632,1357,0
633,1065,50.05229044795627
633,213,5
634,87,0
634,658,40.60385459637659
634,814,26.31044639516476
634,426,24.15068414828038
634,427,22.55598626568421
634,1003,23.673667167091814
635,258,0
635,1052,28.058695621873717
635,1339,16.253411699825712
636,1600,0
636,804,50.60281498503767
636,515,8.82267486887912
636,644,15.156650901937795
636,1313,15.041028228051855
636,830,14.081405887510236
636,1155,0
637,17,0
637,781,134.06487130244412
637,1425,22.80350850198276
638,126,7.234334862836122
638,209,0
638,48,75.96051605933177
638,215,0
639,137,151.16645756456109
639,821,0
639,193,0
640,830,0
640,1155,26.419689627245813
640,402,0
641,1575,18.458220117086412
641,1253,25.310870391962673
641,951,7.973613509360345
641,1582,6.409380093559736
642,614,12.441935549218298
642,1356,45.77413378818852
642,342,10
643,931,0.016993663388763146
643,1205,69.50177581639447
644,867,7.802178526731166
644,624,13.533559409149577
644,1340,26.680105062642895
644,802,48.4316793021173
644,1617,41.372197980055816
645,22,62.02307317609105
646,1283,0
646,106,154.43273352823985
647,249,0
647,1327,60.728905802755904
647,15,0
648,1468,17.046161052829667
649,277,11.107204868959537
649,1137,20.37329681394267
649,279,7.731645372238952
649,579,73.41329383696004
650,55,103.31566311754138
650,1055,78.32877299895566
650,387,0
650,1419,0
650,95,1.584466381814081
650,277,17.515971362262377
651,285,79.17701686727027
652,1512,14.4613356364763
652,900,24.247214580629603
653,1239,69.14765105212035
653,1479,0.0020775504810304772
654,596,14.793672939916803
654,933,6.551856624728332
654,1613,0
654,1335,24.432640812991725
654,1179,32.53509657984411
654,419,27.2721666354875
654,1292,7.9799125122680525
654,1089,8.325763565416523
655,1156,0
655,1262,49.322876351093754
655,882,5.855625361754005
656,1133,31.70641498915912
656,375,20.27393213868097
656,456,13.227660979304826
656,376,40.24162337682194
656,495,21.306628565399897
656,496,18.683904161414713
656,494,22.44005778602531
656,1469,20.915763647670452
656,166,0
657,1477,76.8030251711609
657,1252,0
657,1504,17.55727997123566
658,719,11.008949865328677
658,475,14.932153607377728
658,1392,11.026604191652504
659,19,0
659,963,49.040799340956916
660,1400,0
660,883,32.17774566566554
660,921,32.17774566566554
660,738,0
661,296,63.215519163141174
661,711,0
662,1033,0
662,805,61.35288156423608
662,958,77.19296688245348
662,1086,0
663,1490,0.0155701905514768
663,1489,19.60997310246833
663,1478,0
664,654,62.51533094560743
664,1476,22.054889254280738
665,173,23.705989407706433
665,1631,9.487326630225791
665,1586,6.108021731525113
665,28,4.462539590820517
665,500,3.1238637452499196
665,457,2.8691869154234215
665,1045,15.79689925390036
665,29,2.906517411246347
665,144,6.692880849540794
665,26,6.178043861038175
665,27,14.345072984282178
665,145,11.523226061354123
665,463,17.341597035239623
665,1391,16.373578470660696
665,218,4.990548112916818
665,922,0
665,195,5.659136048902223
665,10,4.968433941350774
665,947,0
666,1048,41.969623514006805
666,53,51.69982568656953
666,1153,0
667,871,47.30835282688862
667,1447,55.120756467978794
667,760,0
668,1524,4.376527964126705
668,1526,12.69233324533096
668,1522,0
668,1637,8.874586359258378
668,1525,5.046811142814389
668,1528,0
669,1405,41.708334659099414
669,546,29.063015664121725
669,66,0
670,1144,0.003844749521693608
670,1057,0
670,1129,30.086186782924575
